Name of the president,Date of the union address,Link to Address,Filename_AddressText
George Washington,January-8-1790,http://www.infoplease.com/t/hist/state-of-the-union/1.html,C:\Users\Sri Vishnu theja\Parse\1.txt
George Washington,December-8-1790,http://www.infoplease.com/t/hist/state-of-the-union/2.html,C:\Users\Sri Vishnu theja\Parse\2.txt
George Washington,October-25-1791,http://www.infoplease.com/t/hist/state-of-the-union/3.html,C:\Users\Sri Vishnu theja\Parse\3.txt
George Washington,November-6-1792,http://www.infoplease.com/t/hist/state-of-the-union/4.html,C:\Users\Sri Vishnu theja\Parse\4.txt
George Washington,December-3-1793,http://www.infoplease.com/t/hist/state-of-the-union/5.html,C:\Users\Sri Vishnu theja\Parse\5.txt
George Washington,November-19-1794,http://www.infoplease.com/t/hist/state-of-the-union/6.html,C:\Users\Sri Vishnu theja\Parse\6.txt
George Washington,December-8-1795,http://www.infoplease.com/t/hist/state-of-the-union/7.html,C:\Users\Sri Vishnu theja\Parse\7.txt
George Washington,December-7-1796,http://www.infoplease.com/t/hist/state-of-the-union/8.html,C:\Users\Sri Vishnu theja\Parse\8.txt
John Adams,November-22-1797,http://www.infoplease.com/t/hist/state-of-the-union/9.html,C:\Users\Sri Vishnu theja\Parse\9.txt
John Adams,December-8-1798,http://www.infoplease.com/t/hist/state-of-the-union/10.html,C:\Users\Sri Vishnu theja\Parse\10.txt
John Adams,December-3-1799,http://www.infoplease.com/t/hist/state-of-the-union/11.html,C:\Users\Sri Vishnu theja\Parse\11.txt
John Adams,November-11-1800,http://www.infoplease.com/t/hist/state-of-the-union/12.html,C:\Users\Sri Vishnu theja\Parse\12.txt
Thomas Jefferson,December-8-1801,http://www.infoplease.com/t/hist/state-of-the-union/13.html,C:\Users\Sri Vishnu theja\Parse\13.txt
Thomas Jefferson,December-15-1802,http://www.infoplease.com/t/hist/state-of-the-union/14.html,C:\Users\Sri Vishnu theja\Parse\14.txt
Thomas Jefferson,October-17-1803,http://www.infoplease.com/t/hist/state-of-the-union/15.html,C:\Users\Sri Vishnu theja\Parse\15.txt
Thomas Jefferson,November-8-1804,http://www.infoplease.com/t/hist/state-of-the-union/16.html,C:\Users\Sri Vishnu theja\Parse\16.txt
Thomas Jefferson,December-3-1805,http://www.infoplease.com/t/hist/state-of-the-union/17.html,C:\Users\Sri Vishnu theja\Parse\17.txt
Thomas Jefferson,December-2-1806,http://www.infoplease.com/t/hist/state-of-the-union/18.html,C:\Users\Sri Vishnu theja\Parse\18.txt
Thomas Jefferson,October-27-1807,http://www.infoplease.com/t/hist/state-of-the-union/19.html,C:\Users\Sri Vishnu theja\Parse\19.txt
Thomas Jefferson,November-8-1808,http://www.infoplease.com/t/hist/state-of-the-union/20.html,C:\Users\Sri Vishnu theja\Parse\20.txt
James Madison,November-29-1809,http://www.infoplease.com/t/hist/state-of-the-union/21.html,C:\Users\Sri Vishnu theja\Parse\21.txt
James Madison,December-5-1810,http://www.infoplease.com/t/hist/state-of-the-union/22.html,C:\Users\Sri Vishnu theja\Parse\22.txt
James Madison,November-5-1811,http://www.infoplease.com/t/hist/state-of-the-union/23.html,C:\Users\Sri Vishnu theja\Parse\23.txt
James Madison,November-4-1812,http://www.infoplease.com/t/hist/state-of-the-union/24.html,C:\Users\Sri Vishnu theja\Parse\24.txt
James Madison,December-7-1813,http://www.infoplease.com/t/hist/state-of-the-union/25.html,C:\Users\Sri Vishnu theja\Parse\25.txt
James Madison,September-20-1814,http://www.infoplease.com/t/hist/state-of-the-union/26.html,C:\Users\Sri Vishnu theja\Parse\26.txt
James Madison,December-5-1815,http://www.infoplease.com/t/hist/state-of-the-union/27.html,C:\Users\Sri Vishnu theja\Parse\27.txt
James Madison,December-3-1816,http://www.infoplease.com/t/hist/state-of-the-union/28.html,C:\Users\Sri Vishnu theja\Parse\28.txt
James Monroe,December-12-1817,http://www.infoplease.com/t/hist/state-of-the-union/29.html,C:\Users\Sri Vishnu theja\Parse\29.txt
James Monroe,November-16-1818,http://www.infoplease.com/t/hist/state-of-the-union/30.html,C:\Users\Sri Vishnu theja\Parse\30.txt
James Monroe,December-7-1819,http://www.infoplease.com/t/hist/state-of-the-union/31.html,C:\Users\Sri Vishnu theja\Parse\31.txt
James Monroe,November-14-1820,http://www.infoplease.com/t/hist/state-of-the-union/32.html,C:\Users\Sri Vishnu theja\Parse\32.txt
James Monroe,December-3-1821,http://www.infoplease.com/t/hist/state-of-the-union/33.html,C:\Users\Sri Vishnu theja\Parse\33.txt
James Monroe,December-3-1822,http://www.infoplease.com/t/hist/state-of-the-union/34.html,C:\Users\Sri Vishnu theja\Parse\34.txt
James Monroe,December-2-1823,http://www.infoplease.com/t/hist/state-of-the-union/35.html,C:\Users\Sri Vishnu theja\Parse\35.txt
James Monroe,December-7-1824,http://www.infoplease.com/t/hist/state-of-the-union/36.html,C:\Users\Sri Vishnu theja\Parse\36.txt
John Quincy Adams,December-6-1825,http://www.infoplease.com/t/hist/state-of-the-union/37.html,C:\Users\Sri Vishnu theja\Parse\37.txt
John Quincy Adams,December-5-1826,http://www.infoplease.com/t/hist/state-of-the-union/38.html,C:\Users\Sri Vishnu theja\Parse\38.txt
John Quincy Adams,December-4-1827,http://www.infoplease.com/t/hist/state-of-the-union/39.html,C:\Users\Sri Vishnu theja\Parse\39.txt
John Quincy Adams,December-2-1828,http://www.infoplease.com/t/hist/state-of-the-union/40.html,C:\Users\Sri Vishnu theja\Parse\40.txt
Andrew Jackson,December-8-1829,http://www.infoplease.com/t/hist/state-of-the-union/41.html,C:\Users\Sri Vishnu theja\Parse\41.txt
Andrew Jackson,December-6-1830,http://www.infoplease.com/t/hist/state-of-the-union/42.html,C:\Users\Sri Vishnu theja\Parse\42.txt
Andrew Jackson,December-6-1831,http://www.infoplease.com/t/hist/state-of-the-union/43.html,C:\Users\Sri Vishnu theja\Parse\43.txt
Andrew Jackson,December-4-1832,http://www.infoplease.com/t/hist/state-of-the-union/44.html,C:\Users\Sri Vishnu theja\Parse\44.txt
Andrew Jackson,December-3-1833,http://www.infoplease.com/t/hist/state-of-the-union/45.html,C:\Users\Sri Vishnu theja\Parse\45.txt
Andrew Jackson,December-1-1834,http://www.infoplease.com/t/hist/state-of-the-union/46.html,C:\Users\Sri Vishnu theja\Parse\46.txt
Andrew Jackson,December-7-1835,http://www.infoplease.com/t/hist/state-of-the-union/47.html,C:\Users\Sri Vishnu theja\Parse\47.txt
Andrew Jackson,December-5-1836,http://www.infoplease.com/t/hist/state-of-the-union/48.html,C:\Users\Sri Vishnu theja\Parse\48.txt
Martin van Buren,December-5-1837,http://www.infoplease.com/t/hist/state-of-the-union/49.html,C:\Users\Sri Vishnu theja\Parse\49.txt
Martin van Buren,December-3-1838,http://www.infoplease.com/t/hist/state-of-the-union/50.html,C:\Users\Sri Vishnu theja\Parse\50.txt
Martin van Buren,December-2-1839,http://www.infoplease.com/t/hist/state-of-the-union/51.html,C:\Users\Sri Vishnu theja\Parse\51.txt
Martin van Buren,December-5-1840,http://www.infoplease.com/t/hist/state-of-the-union/52.html,C:\Users\Sri Vishnu theja\Parse\52.txt
John Tyler,December-7-1841,http://www.infoplease.com/t/hist/state-of-the-union/53.html,C:\Users\Sri Vishnu theja\Parse\53.txt
John Tyler,December-6-1842,http://www.infoplease.com/t/hist/state-of-the-union/54.html,C:\Users\Sri Vishnu theja\Parse\54.txt
John Tyler,December-1843,http://www.infoplease.com/t/hist/state-of-the-union/55.html,C:\Users\Sri Vishnu theja\Parse\55.txt
John Tyler,December-3-1844,http://www.infoplease.com/t/hist/state-of-the-union/56.html,C:\Users\Sri Vishnu theja\Parse\56.txt
James Polk,December-2-1845,http://www.infoplease.com/t/hist/state-of-the-union/57.html,C:\Users\Sri Vishnu theja\Parse\57.txt
James Polk,December-8-1846,http://www.infoplease.com/t/hist/state-of-the-union/58.html,C:\Users\Sri Vishnu theja\Parse\58.txt
James Polk,December-7-1847,http://www.infoplease.com/t/hist/state-of-the-union/59.html,C:\Users\Sri Vishnu theja\Parse\59.txt
James Polk,December-5-1848,http://www.infoplease.com/t/hist/state-of-the-union/60.html,C:\Users\Sri Vishnu theja\Parse\60.txt
Zachary Taylor,December-4-1849,http://www.infoplease.com/t/hist/state-of-the-union/61.html,C:\Users\Sri Vishnu theja\Parse\61.txt
Millard Fillmore,December-2-1850,http://www.infoplease.com/t/hist/state-of-the-union/62.html,C:\Users\Sri Vishnu theja\Parse\62.txt
Millard Fillmore,December-2-1851,http://www.infoplease.com/t/hist/state-of-the-union/63.html,C:\Users\Sri Vishnu theja\Parse\63.txt
Millard Fillmore,December-6-1852,http://www.infoplease.com/t/hist/state-of-the-union/64.html,C:\Users\Sri Vishnu theja\Parse\64.txt
Franklin Pierce,December-5-1853,http://www.infoplease.com/t/hist/state-of-the-union/65.html,C:\Users\Sri Vishnu theja\Parse\65.txt
Franklin Pierce,December-4-1854,http://www.infoplease.com/t/hist/state-of-the-union/66.html,C:\Users\Sri Vishnu theja\Parse\66.txt
Franklin Pierce,December-31-1855,http://www.infoplease.com/t/hist/state-of-the-union/67.html,C:\Users\Sri Vishnu theja\Parse\67.txt
Franklin Pierce,December-2-1856,http://www.infoplease.com/t/hist/state-of-the-union/68.html,C:\Users\Sri Vishnu theja\Parse\68.txt
James Buchanan,December-8-1857,http://www.infoplease.com/t/hist/state-of-the-union/69.html,C:\Users\Sri Vishnu theja\Parse\69.txt
James Buchanan,December-6-1858,http://www.infoplease.com/t/hist/state-of-the-union/70.html,C:\Users\Sri Vishnu theja\Parse\70.txt
James Buchanan,December-19-1859,http://www.infoplease.com/t/hist/state-of-the-union/71.html,C:\Users\Sri Vishnu theja\Parse\71.txt
James Buchanan,December-3-1860,http://www.infoplease.com/t/hist/state-of-the-union/72.html,C:\Users\Sri Vishnu theja\Parse\72.txt
Abraham Lincoln,December-3-1861,http://www.infoplease.com/t/hist/state-of-the-union/73.html,C:\Users\Sri Vishnu theja\Parse\73.txt
Abraham Lincoln,December-1-1862,http://www.infoplease.com/t/hist/state-of-the-union/74.html,C:\Users\Sri Vishnu theja\Parse\74.txt
Abraham Lincoln,December-8-1863,http://www.infoplease.com/t/hist/state-of-the-union/75.html,C:\Users\Sri Vishnu theja\Parse\75.txt
Abraham Lincoln,December-6-1864,http://www.infoplease.com/t/hist/state-of-the-union/76.html,C:\Users\Sri Vishnu theja\Parse\76.txt
Andrew Johnson,December-4-1865,http://www.infoplease.com/t/hist/state-of-the-union/77.html,C:\Users\Sri Vishnu theja\Parse\77.txt
Andrew Johnson,December-3-1866,http://www.infoplease.com/t/hist/state-of-the-union/78.html,C:\Users\Sri Vishnu theja\Parse\78.txt
Andrew Johnson,December-3-1867,http://www.infoplease.com/t/hist/state-of-the-union/79.html,C:\Users\Sri Vishnu theja\Parse\79.txt
Andrew Johnson,December-9-1868,http://www.infoplease.com/t/hist/state-of-the-union/80.html,C:\Users\Sri Vishnu theja\Parse\80.txt
Ulysses S. Grant,December-6-1869,http://www.infoplease.com/t/hist/state-of-the-union/81.html,C:\Users\Sri Vishnu theja\Parse\81.txt
Ulysses S. Grant,December-5-1870,http://www.infoplease.com/t/hist/state-of-the-union/82.html,C:\Users\Sri Vishnu theja\Parse\82.txt
Ulysses S. Grant,December-4-1871,http://www.infoplease.com/t/hist/state-of-the-union/83.html,C:\Users\Sri Vishnu theja\Parse\83.txt
Ulysses S. Grant,December-2-1872,http://www.infoplease.com/t/hist/state-of-the-union/84.html,C:\Users\Sri Vishnu theja\Parse\84.txt
Ulysses S. Grant,December-1-1873,http://www.infoplease.com/t/hist/state-of-the-union/85.html,C:\Users\Sri Vishnu theja\Parse\85.txt
Ulysses S. Grant,December-7-1874,http://www.infoplease.com/t/hist/state-of-the-union/86.html,C:\Users\Sri Vishnu theja\Parse\86.txt
Ulysses S. Grant,December-7-1875,http://www.infoplease.com/t/hist/state-of-the-union/87.html,C:\Users\Sri Vishnu theja\Parse\87.txt
Ulysses S. Grant,December-5-1876,http://www.infoplease.com/t/hist/state-of-the-union/88.html,C:\Users\Sri Vishnu theja\Parse\88.txt
Rutherford B. Hayes,December-3-1877,http://www.infoplease.com/t/hist/state-of-the-union/89.html,C:\Users\Sri Vishnu theja\Parse\89.txt
Rutherford B. Hayes,December-2-1878,http://www.infoplease.com/t/hist/state-of-the-union/90.html,C:\Users\Sri Vishnu theja\Parse\90.txt
Rutherford B. Hayes,December-1-1879,http://www.infoplease.com/t/hist/state-of-the-union/91.html,C:\Users\Sri Vishnu theja\Parse\91.txt
Rutherford B. Hayes,December-6-1880,http://www.infoplease.com/t/hist/state-of-the-union/92.html,C:\Users\Sri Vishnu theja\Parse\92.txt
Chester A. Arthur,December-6-1881,http://www.infoplease.com/t/hist/state-of-the-union/93.html,C:\Users\Sri Vishnu theja\Parse\93.txt
Chester A. Arthur,December-4-1882,http://www.infoplease.com/t/hist/state-of-the-union/94.html,C:\Users\Sri Vishnu theja\Parse\94.txt
Chester A. Arthur,December-4-1883,http://www.infoplease.com/t/hist/state-of-the-union/95.html,C:\Users\Sri Vishnu theja\Parse\95.txt
Chester A. Arthur,December-1-1884,http://www.infoplease.com/t/hist/state-of-the-union/96.html,C:\Users\Sri Vishnu theja\Parse\96.txt
Grover Cleveland,December-8-1885,http://www.infoplease.com/t/hist/state-of-the-union/97.html,C:\Users\Sri Vishnu theja\Parse\97.txt
Grover Cleveland,December-6-1886,http://www.infoplease.com/t/hist/state-of-the-union/98.html,C:\Users\Sri Vishnu theja\Parse\98.txt
Grover Cleveland,December-6-1887,http://www.infoplease.com/t/hist/state-of-the-union/99.html,C:\Users\Sri Vishnu theja\Parse\99.txt
Grover Cleveland,December-3-1888,http://www.infoplease.com/t/hist/state-of-the-union/100.html,C:\Users\Sri Vishnu theja\Parse\100.txt
Benjamin Harrison,December-3-1889,http://www.infoplease.com/t/hist/state-of-the-union/101.html,C:\Users\Sri Vishnu theja\Parse\101.txt
Benjamin Harrison,December-1-1890,http://www.infoplease.com/t/hist/state-of-the-union/102.html,C:\Users\Sri Vishnu theja\Parse\102.txt
Benjamin Harrison,December-9-1891,http://www.infoplease.com/t/hist/state-of-the-union/103.html,C:\Users\Sri Vishnu theja\Parse\103.txt
Benjamin Harrison,December-6-1892,http://www.infoplease.com/t/hist/state-of-the-union/104.html,C:\Users\Sri Vishnu theja\Parse\104.txt
Grover Cleveland,December-4-1893,http://www.infoplease.com/t/hist/state-of-the-union/105.html,C:\Users\Sri Vishnu theja\Parse\105.txt
Grover Cleveland,December-3-1894,http://www.infoplease.com/t/hist/state-of-the-union/106.html,C:\Users\Sri Vishnu theja\Parse\106.txt
Grover Cleveland,December-2-1895,http://www.infoplease.com/t/hist/state-of-the-union/107.html,C:\Users\Sri Vishnu theja\Parse\107.txt
Grover Cleveland,December-7-1896,http://www.infoplease.com/t/hist/state-of-the-union/108.html,C:\Users\Sri Vishnu theja\Parse\108.txt
William McKinley,December-6-1897,http://www.infoplease.com/t/hist/state-of-the-union/109.html,C:\Users\Sri Vishnu theja\Parse\109.txt
William McKinley,December-5-1898,http://www.infoplease.com/t/hist/state-of-the-union/110.html,C:\Users\Sri Vishnu theja\Parse\110.txt
William McKinley,December-5-1899,http://www.infoplease.com/t/hist/state-of-the-union/111.html,C:\Users\Sri Vishnu theja\Parse\111.txt
William McKinley,December-3-1900,http://www.infoplease.com/t/hist/state-of-the-union/112.html,C:\Users\Sri Vishnu theja\Parse\112.txt
Theodore Roosevelt,December-3-1901,http://www.infoplease.com/t/hist/state-of-the-union/113.html,C:\Users\Sri Vishnu theja\Parse\113.txt
Theodore Roosevelt,December-2-1902,http://www.infoplease.com/t/hist/state-of-the-union/114.html,C:\Users\Sri Vishnu theja\Parse\114.txt
Theodore Roosevelt,December-7-1903,http://www.infoplease.com/t/hist/state-of-the-union/115.html,C:\Users\Sri Vishnu theja\Parse\115.txt
Theodore Roosevelt,December-6-1904,http://www.infoplease.com/t/hist/state-of-the-union/116.html,C:\Users\Sri Vishnu theja\Parse\116.txt
Theodore Roosevelt,December-5-1905,http://www.infoplease.com/t/hist/state-of-the-union/117.html,C:\Users\Sri Vishnu theja\Parse\117.txt
Theodore Roosevelt,December-3-1906,http://www.infoplease.com/t/hist/state-of-the-union/118.html,C:\Users\Sri Vishnu theja\Parse\118.txt
Theodore Roosevelt,December-3-1907,http://www.infoplease.com/t/hist/state-of-the-union/119.html,C:\Users\Sri Vishnu theja\Parse\119.txt
Theodore Roosevelt,December-8-1908,http://www.infoplease.com/t/hist/state-of-the-union/120.html,C:\Users\Sri Vishnu theja\Parse\120.txt
William H. Taft,December-7-1909,http://www.infoplease.com/t/hist/state-of-the-union/121.html,C:\Users\Sri Vishnu theja\Parse\121.txt
William H. Taft,December-6-1910,http://www.infoplease.com/t/hist/state-of-the-union/122.html,C:\Users\Sri Vishnu theja\Parse\122.txt
William H. Taft,December-5-1911,http://www.infoplease.com/t/hist/state-of-the-union/123.html,C:\Users\Sri Vishnu theja\Parse\123.txt
William H. Taft,December-3-1912,http://www.infoplease.com/t/hist/state-of-the-union/124.html,C:\Users\Sri Vishnu theja\Parse\124.txt
Woodrow Wilson,December-2-1913,http://www.infoplease.com/t/hist/state-of-the-union/125.html,C:\Users\Sri Vishnu theja\Parse\125.txt
Woodrow Wilson,December-8-1914,http://www.infoplease.com/t/hist/state-of-the-union/126.html,C:\Users\Sri Vishnu theja\Parse\126.txt
Woodrow Wilson,December-7-1915,http://www.infoplease.com/t/hist/state-of-the-union/127.html,C:\Users\Sri Vishnu theja\Parse\127.txt
Woodrow Wilson,December-5-1916,http://www.infoplease.com/t/hist/state-of-the-union/128.html,C:\Users\Sri Vishnu theja\Parse\128.txt
Woodrow Wilson,December-4-1917,http://www.infoplease.com/t/hist/state-of-the-union/129.html,C:\Users\Sri Vishnu theja\Parse\129.txt
Woodrow Wilson,December-2-1918,http://www.infoplease.com/t/hist/state-of-the-union/130.html,C:\Users\Sri Vishnu theja\Parse\130.txt
Woodrow Wilson,December-2-1919,http://www.infoplease.com/t/hist/state-of-the-union/131.html,C:\Users\Sri Vishnu theja\Parse\131.txt
Woodrow Wilson,December-7-1920,http://www.infoplease.com/t/hist/state-of-the-union/132.html,C:\Users\Sri Vishnu theja\Parse\132.txt
Warren Harding,December-6-1921,http://www.infoplease.com/t/hist/state-of-the-union/133.html,C:\Users\Sri Vishnu theja\Parse\133.txt
Warren Harding,December-8-1922,http://www.infoplease.com/t/hist/state-of-the-union/134.html,C:\Users\Sri Vishnu theja\Parse\134.txt
Calvin Coolidge,December-6-1923,http://www.infoplease.com/t/hist/state-of-the-union/135.html,C:\Users\Sri Vishnu theja\Parse\135.txt
Calvin Coolidge,December-3-1924,http://www.infoplease.com/t/hist/state-of-the-union/136.html,C:\Users\Sri Vishnu theja\Parse\136.txt
Calvin Coolidge,December-8-1925,http://www.infoplease.com/t/hist/state-of-the-union/137.html,C:\Users\Sri Vishnu theja\Parse\137.txt
Calvin Coolidge,December-7-1926,http://www.infoplease.com/t/hist/state-of-the-union/138.html,C:\Users\Sri Vishnu theja\Parse\138.txt
Calvin Coolidge,December-6-1927,http://www.infoplease.com/t/hist/state-of-the-union/139.html,C:\Users\Sri Vishnu theja\Parse\139.txt
Calvin Coolidge,December-4-1928,http://www.infoplease.com/t/hist/state-of-the-union/140.html,C:\Users\Sri Vishnu theja\Parse\140.txt
Herbert Hoover,December-3-1929,http://www.infoplease.com/t/hist/state-of-the-union/141.html,C:\Users\Sri Vishnu theja\Parse\141.txt
Herbert Hoover,December-2-1930,http://www.infoplease.com/t/hist/state-of-the-union/142.html,C:\Users\Sri Vishnu theja\Parse\142.txt
Herbert Hoover,December-8-1931,http://www.infoplease.com/t/hist/state-of-the-union/143.html,C:\Users\Sri Vishnu theja\Parse\143.txt
Herbert Hoover,December-6-1932,http://www.infoplease.com/t/hist/state-of-the-union/144.html,C:\Users\Sri Vishnu theja\Parse\144.txt
Franklin D. Roosevelt,January-3-1934,http://www.infoplease.com/t/hist/state-of-the-union/145.html,C:\Users\Sri Vishnu theja\Parse\145.txt
Franklin D. Roosevelt,January-4-1935,http://www.infoplease.com/t/hist/state-of-the-union/146.html,C:\Users\Sri Vishnu theja\Parse\146.txt
Franklin D. Roosevelt,January-3-1936,http://www.infoplease.com/t/hist/state-of-the-union/147.html,C:\Users\Sri Vishnu theja\Parse\147.txt
Franklin D. Roosevelt,January-6-1937,http://www.infoplease.com/t/hist/state-of-the-union/148.html,C:\Users\Sri Vishnu theja\Parse\148.txt
Franklin D. Roosevelt,January-3-1938,http://www.infoplease.com/t/hist/state-of-the-union/149.html,C:\Users\Sri Vishnu theja\Parse\149.txt
Franklin D. Roosevelt,January-4-1939,http://www.infoplease.com/t/hist/state-of-the-union/150.html,C:\Users\Sri Vishnu theja\Parse\150.txt
Franklin D. Roosevelt,January-3-1940,http://www.infoplease.com/t/hist/state-of-the-union/151.html,C:\Users\Sri Vishnu theja\Parse\151.txt
Franklin D. Roosevelt,January-6-1941,http://www.infoplease.com/t/hist/state-of-the-union/152.html,C:\Users\Sri Vishnu theja\Parse\152.txt
Franklin D. Roosevelt,January-6-1942,http://www.infoplease.com/t/hist/state-of-the-union/153.html,C:\Users\Sri Vishnu theja\Parse\153.txt
Franklin D. Roosevelt,January-7-1943,http://www.infoplease.com/t/hist/state-of-the-union/154.html,C:\Users\Sri Vishnu theja\Parse\154.txt
Franklin D. Roosevelt,January-11-1944,http://www.infoplease.com/t/hist/state-of-the-union/155.html,C:\Users\Sri Vishnu theja\Parse\155.txt
Franklin D. Roosevelt,January-6-1945,http://www.infoplease.com/t/hist/state-of-the-union/156.html,C:\Users\Sri Vishnu theja\Parse\156.txt
Harry S. Truman,January-21-1946,http://www.infoplease.com/t/hist/state-of-the-union/157.html,C:\Users\Sri Vishnu theja\Parse\157.txt
Harry S. Truman,January-6-1947,http://www.infoplease.com/t/hist/state-of-the-union/158.html,C:\Users\Sri Vishnu theja\Parse\158.txt
Harry S. Truman,January-7-1948,http://www.infoplease.com/t/hist/state-of-the-union/159.html,C:\Users\Sri Vishnu theja\Parse\159.txt
Harry S. Truman,January-5-1949,http://www.infoplease.com/t/hist/state-of-the-union/160.html,C:\Users\Sri Vishnu theja\Parse\160.txt
Harry S. Truman,January-4-1950,http://www.infoplease.com/t/hist/state-of-the-union/161.html,C:\Users\Sri Vishnu theja\Parse\161.txt
Harry S. Truman,January-8-1951,http://www.infoplease.com/t/hist/state-of-the-union/162.html,C:\Users\Sri Vishnu theja\Parse\162.txt
Harry S. Truman,January-9-1952,http://www.infoplease.com/t/hist/state-of-the-union/163.html,C:\Users\Sri Vishnu theja\Parse\163.txt
Harry S. Truman,January-7-1953,http://www.infoplease.com/t/hist/state-of-the-union/164.html,C:\Users\Sri Vishnu theja\Parse\164.txt
Dwight D. Eisenhower,February-2-1953,http://www.infoplease.com/t/hist/state-of-the-union/165.html,C:\Users\Sri Vishnu theja\Parse\165.txt
Dwight D. Eisenhower,January-7-1954,http://www.infoplease.com/t/hist/state-of-the-union/166.html,C:\Users\Sri Vishnu theja\Parse\166.txt
Dwight D. Eisenhower,January-6-1955,http://www.infoplease.com/t/hist/state-of-the-union/167.html,C:\Users\Sri Vishnu theja\Parse\167.txt
Dwight D. Eisenhower,January-5-1956,http://www.infoplease.com/t/hist/state-of-the-union/168.html,C:\Users\Sri Vishnu theja\Parse\168.txt
Dwight D. Eisenhower,January-10-1957,http://www.infoplease.com/t/hist/state-of-the-union/169.html,C:\Users\Sri Vishnu theja\Parse\169.txt
Dwight D. Eisenhower,January-9-1958,http://www.infoplease.com/t/hist/state-of-the-union/170.html,C:\Users\Sri Vishnu theja\Parse\170.txt
Dwight D. Eisenhower,January-9-1959,http://www.infoplease.com/t/hist/state-of-the-union/171.html,C:\Users\Sri Vishnu theja\Parse\171.txt
Dwight D. Eisenhower,January-7-1960,http://www.infoplease.com/t/hist/state-of-the-union/172.html,C:\Users\Sri Vishnu theja\Parse\172.txt
Dwight D. Eisenhower,January-12-1961,http://www.infoplease.com/t/hist/state-of-the-union/173.html,C:\Users\Sri Vishnu theja\Parse\173.txt
John F. Kennedy,January-30-1961,http://www.infoplease.com/t/hist/state-of-the-union/174.html,C:\Users\Sri Vishnu theja\Parse\174.txt
John F. Kennedy,January-11-1962,http://www.infoplease.com/t/hist/state-of-the-union/175.html,C:\Users\Sri Vishnu theja\Parse\175.txt
John F. Kennedy,January-14-1963,http://www.infoplease.com/t/hist/state-of-the-union/176.html,C:\Users\Sri Vishnu theja\Parse\176.txt
Lyndon B. Johnson,January-8-1964,http://www.infoplease.com/t/hist/state-of-the-union/177.html,C:\Users\Sri Vishnu theja\Parse\177.txt
Lyndon B. Johnson,January-4-1965,http://www.infoplease.com/t/hist/state-of-the-union/178.html,C:\Users\Sri Vishnu theja\Parse\178.txt
Lyndon B. Johnson,January-12-1966,http://www.infoplease.com/t/hist/state-of-the-union/179.html,C:\Users\Sri Vishnu theja\Parse\179.txt
Lyndon B. Johnson,January-10-1967,http://www.infoplease.com/t/hist/state-of-the-union/180.html,C:\Users\Sri Vishnu theja\Parse\180.txt
Lyndon B. Johnson,January-17-1968,http://www.infoplease.com/t/hist/state-of-the-union/181.html,C:\Users\Sri Vishnu theja\Parse\181.txt
Lyndon B. Johnson,January-14-1969,http://www.infoplease.com/t/hist/state-of-the-union/182.html,C:\Users\Sri Vishnu theja\Parse\182.txt
Richard Nixon,January-22-1970,http://www.infoplease.com/t/hist/state-of-the-union/183.html,C:\Users\Sri Vishnu theja\Parse\183.txt
Richard Nixon,January-22-1971,http://www.infoplease.com/t/hist/state-of-the-union/184.html,C:\Users\Sri Vishnu theja\Parse\184.txt
Richard Nixon,January-20-1972,http://www.infoplease.com/t/hist/state-of-the-union/185.html,C:\Users\Sri Vishnu theja\Parse\185.txt
Richard Nixon,February-2-1973,http://www.infoplease.com/t/hist/state-of-the-union/186.html,C:\Users\Sri Vishnu theja\Parse\186.txt
Richard Nixon,January-30-1974,http://www.infoplease.com/t/hist/state-of-the-union/187.html,C:\Users\Sri Vishnu theja\Parse\187.txt
Gerald R. Ford,January-15-1975,http://www.infoplease.com/t/hist/state-of-the-union/188.html,C:\Users\Sri Vishnu theja\Parse\188.txt
Gerald R. Ford,January-19-1976,http://www.infoplease.com/t/hist/state-of-the-union/189.html,C:\Users\Sri Vishnu theja\Parse\189.txt
Gerald R. Ford,January-12-1977,http://www.infoplease.com/t/hist/state-of-the-union/190.html,C:\Users\Sri Vishnu theja\Parse\190.txt
Jimmy Carter,January-19-1978,http://www.infoplease.com/t/hist/state-of-the-union/191.html,C:\Users\Sri Vishnu theja\Parse\191.txt
Jimmy Carter,January-25-1979,http://www.infoplease.com/t/hist/state-of-the-union/192.html,C:\Users\Sri Vishnu theja\Parse\192.txt
Jimmy Carter,January-21-1980,http://www.infoplease.com/t/hist/state-of-the-union/193.html,C:\Users\Sri Vishnu theja\Parse\193.txt
Jimmy Carter,January-16-1981,http://www.infoplease.com/t/hist/state-of-the-union/194.html,C:\Users\Sri Vishnu theja\Parse\194.txt
Ronald Reagan,January-26-1982,http://www.infoplease.com/t/hist/state-of-the-union/195.html,C:\Users\Sri Vishnu theja\Parse\195.txt
Ronald Reagan,January-25-1983,http://www.infoplease.com/t/hist/state-of-the-union/196.html,C:\Users\Sri Vishnu theja\Parse\196.txt
Ronald Reagan,January-25-1984,http://www.infoplease.com/t/hist/state-of-the-union/197.html,C:\Users\Sri Vishnu theja\Parse\197.txt
Ronald Reagan,February-6-1985,http://www.infoplease.com/t/hist/state-of-the-union/198.html,C:\Users\Sri Vishnu theja\Parse\198.txt
Ronald Reagan,February-4-1986,http://www.infoplease.com/t/hist/state-of-the-union/199.html,C:\Users\Sri Vishnu theja\Parse\199.txt
Ronald Reagan,January-27-1987,http://www.infoplease.com/t/hist/state-of-the-union/200.html,C:\Users\Sri Vishnu theja\Parse\200.txt
Ronald Reagan,January-25-1988,http://www.infoplease.com/t/hist/state-of-the-union/201.html,C:\Users\Sri Vishnu theja\Parse\201.txt
George H.W. Bush,January-31-1990,http://www.infoplease.com/t/hist/state-of-the-union/202.html,C:\Users\Sri Vishnu theja\Parse\202.txt
George H.W. Bush,January-31-1990,http://www.infoplease.com/t/hist/state-of-the-union/203.html,C:\Users\Sri Vishnu theja\Parse\203.txt
George H.W. Bush,January-29-1991,http://www.infoplease.com/t/hist/state-of-the-union/204.html,C:\Users\Sri Vishnu theja\Parse\204.txt
George H.W. Bush,January-28-1992,http://www.infoplease.com/t/hist/state-of-the-union/205.html,C:\Users\Sri Vishnu theja\Parse\205.txt
William J. Clinton,February-17-1993,http://www.infoplease.com/t/hist/state-of-the-union/206.html,C:\Users\Sri Vishnu theja\Parse\206.txt
William J. Clinton,January-25-1994,http://www.infoplease.com/t/hist/state-of-the-union/207.html,C:\Users\Sri Vishnu theja\Parse\207.txt
William J. Clinton,January-24-1995,http://www.infoplease.com/t/hist/state-of-the-union/208.html,C:\Users\Sri Vishnu theja\Parse\208.txt
William J. Clinton,January-23-1996,http://www.infoplease.com/t/hist/state-of-the-union/209.html,C:\Users\Sri Vishnu theja\Parse\209.txt
William J. Clinton,February-4-1997,http://www.infoplease.com/t/hist/state-of-the-union/210.html,C:\Users\Sri Vishnu theja\Parse\210.txt
William J. Clinton,January-27-1998,http://www.infoplease.com/t/hist/state-of-the-union/211.html,C:\Users\Sri Vishnu theja\Parse\211.txt
William J. Clinton,January-19-1999,http://www.infoplease.com/t/hist/state-of-the-union/212.html,C:\Users\Sri Vishnu theja\Parse\212.txt
William J. Clinton,January-27-2000,http://www.infoplease.com/t/hist/state-of-the-union/213.html,C:\Users\Sri Vishnu theja\Parse\213.txt
George W. Bush,February-27-2001,http://www.infoplease.com/t/hist/state-of-the-union/214.html,C:\Users\Sri Vishnu theja\Parse\214.txt
George W. Bush,January-29-2002,http://www.infoplease.com/t/hist/state-of-the-union/215.html,C:\Users\Sri Vishnu theja\Parse\215.txt
George W. Bush,January-28th-2003,http://www.infoplease.com/t/hist/state-of-the-union/216.html,C:\Users\Sri Vishnu theja\Parse\216.txt
George W. Bush,January-20th-2004,http://www.infoplease.com/t/hist/state-of-the-union/217.html,C:\Users\Sri Vishnu theja\Parse\217.txt
George W. Bush,February-2nd-2005,http://www.infoplease.com/t/hist/state-of-the-union/218.html,C:\Users\Sri Vishnu theja\Parse\218.txt
George W. BushOpening Remarks,January-31st-2006,http://www.infoplease.com/t/hist/state-of-the-union/219.html,C:\Users\Sri Vishnu theja\Parse\219.txt
George W. BushOpening Remarks,January-31st-2006,http://www.infoplease.com/t/hist/state-of-the-union/219.html#idp29804336,C:\Users\Sri Vishnu theja\Parse\219.txt
Military Sacrifices,,http://www.infoplease.com/t/hist/state-of-the-union/219s02.html,C:\Users\Sri Vishnu theja\Parse\219s02.txt
Economic Agenda,,http://www.infoplease.com/t/hist/state-of-the-union/219s03.html,C:\Users\Sri Vishnu theja\Parse\219s03.txt
A Hopeful Society,,http://www.infoplease.com/t/hist/state-of-the-union/219s04.html,C:\Users\Sri Vishnu theja\Parse\219s04.txt
George W. Bush,January-23rd-2007,http://www.infoplease.com/t/hist/state-of-the-union/220.html,C:\Users\Sri Vishnu theja\Parse\220.txt
George W. Bush,January-28th-2008,http://www.infoplease.com/t/hist/state-of-the-union/221.html,C:\Users\Sri Vishnu theja\Parse\221.txt
Name of the president,Date of the union address,Link to Address,Filename_AddressText
George Washington,January-8-1790,http://www.infoplease.com/t/hist/state-of-the-union/1.html,C:\Users\Sri Vishnu theja\Parse\1.txt
George Washington,December-8-1790,http://www.infoplease.com/t/hist/state-of-the-union/2.html,C:\Users\Sri Vishnu theja\Parse\2.txt
George Washington,October-25-1791,http://www.infoplease.com/t/hist/state-of-the-union/3.html,C:\Users\Sri Vishnu theja\Parse\3.txt
George Washington,November-6-1792,http://www.infoplease.com/t/hist/state-of-the-union/4.html,C:\Users\Sri Vishnu theja\Parse\4.txt
George Washington,December-3-1793,http://www.infoplease.com/t/hist/state-of-the-union/5.html,C:\Users\Sri Vishnu theja\Parse\5.txt
George Washington,November-19-1794,http://www.infoplease.com/t/hist/state-of-the-union/6.html,C:\Users\Sri Vishnu theja\Parse\6.txt
